review,sentiment
"I love this product! It's amazing.",positive
"This is the worst purchase I've ever made.",negative
"Not bad, could be better.",neutral
"Excellent quality and fantastic service.",positive
"Totally disappointed with this item.",negative
"Pretty good, I am satisfied.",positive
"Terrible experience, would not recommend.",negative
"Decent quality for the price.",neutral
"Amazing product, will buy again!",positive
"Very bad, not worth the money.",negative
"Great value for the price. Highly recommend.",positive
"The product broke after a week of use.",negative
"It's okay, nothing special.",neutral
"Fantastic! Exceeded my expectations.",positive
"Poor quality, very disappointed.",negative
"Overall, I am happy with this purchase.",positive
"Would not buy again.",negative
"Average product, nothing to write home about.",neutral
"High quality and fast shipping!",positive
"Do not waste your money on this.",negative
"Exceeded my expectations in every way.",positive
"Very poor performance, not recommended.",negative
"Just okay, could be improved.",neutral
"Absolutely love it! Five stars.",positive
"Not worth the hype.",negative
"Satisfactory product for the price.",neutral
"Really pleased with this purchase.",positive
"Terrible customer service.",negative
"Mediocre product, would not buy again.",neutral
"Best purchase I've made this year.",positive
"Very disappointed, would not recommend.",negative
"It's fine, nothing great.",neutral
"Outstanding quality and value.",positive
"Really bad, returned it immediately.",negative
"Met my expectations.",neutral
"Superb product, very happy with it.",positive
"Didn't work as advertised.",negative
"Just fine, does the job.",neutral
"Top-notch product, will buy again.",positive
"Not good, not bad.",neutral
"Very happy with this purchase.",positive
"Regret buying this product.",negative
"Meh, it's okay.",neutral
"Excellent purchase, highly recommend.",positive
"Doesn't meet the expectations.",negative
"Fine for the price.",neutral
"Thrilled with the results!",positive
"Wouldn't recommend it.",negative
"Average, nothing special.",neutral
"Great product, very satisfied.",positive
"Horrible, do not buy.",negative
"Meets my needs perfectly.",positive
"Disappointed with the quality.",negative
"Pretty average.",neutral
"Wonderful product, exceeded expectations.",positive
"Not as good as I hoped.",negative
"Just alright, nothing great.",neutral
"Very pleased with this purchase.",positive
"Low quality, not worth it.",negative
